{"cameraMode":{"drawMode":0,"name":"Shaded","section":"Shading Mode"},"sceneLighting":false,"audioPlay":false,"sceneViewState":{"showFog":true,"showMaterialUpdate":false,"showSkybox":false,"showFlares":true,"showImageEffects":true,"showParticleSystems":true},"in2DMode":false,"pivot":{"x":1.3379325866699219,"y":0.5,"z":1.6153620481491089},"rotation":{"x":0.1745264083147049,"y":-0.6605743169784546,"z":0.1618381291627884,"w":0.7120877504348755},"size":15.336651802062989,"orthographic":false}