{"cameraMode":{"drawMode":0,"name":"Shaded","section":"Shading Mode"},"sceneLighting":true,"audioPlay":false,"sceneViewState":{"showFog":true,"showMaterialUpdate":false,"showSkybox":true,"showFlares":true,"showImageEffects":true,"showParticleSystems":true},"in2DMode":false,"pivot":{"x":476.34796142578127,"y":3.2093052864074709,"z":46.44312286376953},"rotation":{"x":-0.2849732041358948,"y":0.6482203006744385,"z":-0.2863251566886902,"w":-0.6456096768379211},"size":8.375490188598633,"orthographic":false}